"","x_2","x_1","x","study_name","sample_number","species","region","island","stage","individual_id","clutch_completion","date_egg","culmen_length_mm","culmen_depth_mm","flipper_length_mm","body_mass_g","sex"
"1",1,1,1,"PAL0708",1,"Adelie Penguin (Pygoscelis adeliae)","Anvers","Torgersen","Adult, 1 Egg Stage","N1A1","Yes","2007-11-11",39.1,18.7,181,3750,"MALE"
"2",2,2,2,"PAL0708",2,"Adelie Penguin (Pygoscelis adeliae)","Anvers","Torgersen","Adult, 1 Egg Stage","N1A2","Yes","2007-11-11",39.5,17.4,186,3800,"FEMALE"
"3",3,3,3,"PAL0708",3,"Adelie Penguin (Pygoscelis adeliae)","Anvers","Torgersen","Adult, 1 Egg Stage","N2A1","Yes","2007-11-16",40.3,18,195,3250,"FEMALE"
"4",5,5,5,"PAL0708",5,"Adelie Penguin (Pygoscelis adeliae)","Anvers","Torgersen","Adult, 1 Egg Stage","N3A1","Yes","2007-11-16",36.7,19.3,193,3450,"FEMALE"
"5",6,6,6,"PAL0708",6,"Adelie Penguin (Pygoscelis adeliae)","Anvers","Torgersen","Adult, 1 Egg Stage","N3A2","Yes","2007-11-16",39.3,20.6,190,3650,"MALE"
"6",7,7,7,"PAL0708",7,"Adelie Penguin (Pygoscelis adeliae)","Anvers","Torgersen","Adult, 1 Egg Stage","N4A1","No","2007-11-15",38.9,17.8,181,3625,"FEMALE"
"7",8,8,8,"PAL0708",8,"Adelie Penguin (Pygoscelis adeliae)","Anvers","Torgersen","Adult, 1 Egg Stage","N4A2","No","2007-11-15",39.2,19.6,195,4675,"MALE"
"8",9,9,9,"PAL0708",9,"Adelie Penguin (Pygoscelis adeliae)","Anvers","Torgersen","Adult, 1 Egg Stage","N5A1","Yes","2007-11-09",34.1,18.1,193,3475,NA
"9",10,10,10,"PAL0708",10,"Adelie Penguin (Pygoscelis adeliae)","Anvers","Torgersen","Adult, 1 Egg Stage","N5A2","Yes","2007-11-09",42,20.2,190,4250,NA
"10",11,11,11,"PAL0708",11,"Adelie Penguin (Pygoscelis adeliae)","Anvers","Torgersen","Adult, 1 Egg Stage","N6A1","Yes","2007-11-09",37.8,17.1,186,3300,NA
"11",12,12,12,"PAL0708",12,"Adelie Penguin (Pygoscelis adeliae)","Anvers","Torgersen","Adult, 1 Egg Stage","N6A2","Yes","2007-11-09",37.8,17.3,180,3700,NA
"12",13,13,13,"PAL0708",13,"Adelie Penguin (Pygoscelis adeliae)","Anvers","Torgersen","Adult, 1 Egg Stage","N7A1","Yes","2007-11-15",41.1,17.6,182,3200,"FEMALE"
"13",14,14,14,"PAL0708",14,"Adelie Penguin (Pygoscelis adeliae)","Anvers","Torgersen","Adult, 1 Egg Stage","N7A2","Yes","2007-11-15",38.6,21.2,191,3800,"MALE"
"14",15,15,15,"PAL0708",15,"Adelie Penguin (Pygoscelis adeliae)","Anvers","Torgersen","Adult, 1 Egg Stage","N8A1","Yes","2007-11-16",34.6,21.1,198,4400,"MALE"
"15",16,16,16,"PAL0708",16,"Adelie Penguin (Pygoscelis adeliae)","Anvers","Torgersen","Adult, 1 Egg Stage","N8A2","Yes","2007-11-16",36.6,17.8,185,3700,"FEMALE"
"16",17,17,17,"PAL0708",17,"Adelie Penguin (Pygoscelis adeliae)","Anvers","Torgersen","Adult, 1 Egg Stage","N9A1","Yes","2007-11-12",38.7,19,195,3450,"FEMALE"
"17",18,18,18,"PAL0708",18,"Adelie Penguin (Pygoscelis adeliae)","Anvers","Torgersen","Adult, 1 Egg Stage","N9A2","Yes","2007-11-12",42.5,20.7,197,4500,"MALE"
"18",19,19,19,"PAL0708",19,"Adelie Penguin (Pygoscelis adeliae)","Anvers","Torgersen","Adult, 1 Egg Stage","N10A1","Yes","2007-11-16",34.4,18.4,184,3325,"FEMALE"
"19",20,20,20,"PAL0708",20,"Adelie Penguin (Pygoscelis adeliae)","Anvers","Torgersen","Adult, 1 Egg Stage","N10A2","Yes","2007-11-16",46,21.5,194,4200,"MALE"
"20",21,21,21,"PAL0708",21,"Adelie Penguin (Pygoscelis adeliae)","Anvers","Biscoe","Adult, 1 Egg Stage","N11A1","Yes","2007-11-12",37.8,18.3,174,3400,"FEMALE"
"21",22,22,22,"PAL0708",22,"Adelie Penguin (Pygoscelis adeliae)","Anvers","Biscoe","Adult, 1 Egg Stage","N11A2","Yes","2007-11-12",37.7,18.7,180,3600,"MALE"
"22",23,23,23,"PAL0708",23,"Adelie Penguin (Pygoscelis adeliae)","Anvers","Biscoe","Adult, 1 Egg Stage","N12A1","Yes","2007-11-12",35.9,19.2,189,3800,"FEMALE"
"23",24,24,24,"PAL0708",24,"Adelie Penguin (Pygoscelis adeliae)","Anvers","Biscoe","Adult, 1 Egg Stage","N12A2","Yes","2007-11-12",38.2,18.1,185,3950,"MALE"
"24",25,25,25,"PAL0708",25,"Adelie Penguin (Pygoscelis adeliae)","Anvers","Biscoe","Adult, 1 Egg Stage","N13A1","Yes","2007-11-10",38.8,17.2,180,3800,"MALE"
"25",26,26,26,"PAL0708",26,"Adelie Penguin (Pygoscelis adeliae)","Anvers","Biscoe","Adult, 1 Egg Stage","N13A2","Yes","2007-11-10",35.3,18.9,187,3800,"FEMALE"
"26",27,27,27,"PAL0708",27,"Adelie Penguin (Pygoscelis adeliae)","Anvers","Biscoe","Adult, 1 Egg Stage","N17A1","Yes","2007-11-12",40.6,18.6,183,3550,"MALE"
"27",28,28,28,"PAL0708",28,"Adelie Penguin (Pygoscelis adeliae)","Anvers","Biscoe","Adult, 1 Egg Stage","N17A2","Yes","2007-11-12",40.5,17.9,187,3200,"FEMALE"
"28",29,29,29,"PAL0708",29,"Adelie Penguin (Pygoscelis adeliae)","Anvers","Biscoe","Adult, 1 Egg Stage","N18A1","No","2007-11-10",37.9,18.6,172,3150,"FEMALE"
"29",30,30,30,"PAL0708",30,"Adelie Penguin (Pygoscelis adeliae)","Anvers","Biscoe","Adult, 1 Egg Stage","N18A2","No","2007-11-10",40.5,18.9,180,3950,"MALE"
"30",31,31,31,"PAL0708",31,"Adelie Penguin (Pygoscelis adeliae)","Anvers","Dream","Adult, 1 Egg Stage","N21A1","Yes","2007-11-09",39.5,16.7,178,3250,"FEMALE"
"31",32,32,32,"PAL0708",32,"Adelie Penguin (Pygoscelis adeliae)","Anvers","Dream","Adult, 1 Egg Stage","N21A2","Yes","2007-11-09",37.2,18.1,178,3900,"MALE"
"32",33,33,33,"PAL0708",33,"Adelie Penguin (Pygoscelis adeliae)","Anvers","Dream","Adult, 1 Egg Stage","N22A1","Yes","2007-11-09",39.5,17.8,188,3300,"FEMALE"
"33",34,34,34,"PAL0708",34,"Adelie Penguin (Pygoscelis adeliae)","Anvers","Dream","Adult, 1 Egg Stage","N22A2","Yes","2007-11-09",40.9,18.9,184,3900,"MALE"
"34",35,35,35,"PAL0708",35,"Adelie Penguin (Pygoscelis adeliae)","Anvers","Dream","Adult, 1 Egg Stage","N23A1","Yes","2007-11-16",36.4,17,195,3325,"FEMALE"
"35",36,36,36,"PAL0708",36,"Adelie Penguin (Pygoscelis adeliae)","Anvers","Dream","Adult, 1 Egg Stage","N23A2","Yes","2007-11-16",39.2,21.1,196,4150,"MALE"
"36",37,37,37,"PAL0708",37,"Adelie Penguin (Pygoscelis adeliae)","Anvers","Dream","Adult, 1 Egg Stage","N24A1","Yes","2007-11-16",38.8,20,190,3950,"MALE"
"37",38,38,38,"PAL0708",38,"Adelie Penguin (Pygoscelis adeliae)","Anvers","Dream","Adult, 1 Egg Stage","N24A2","Yes","2007-11-16",42.2,18.5,180,3550,"FEMALE"
"38",39,39,39,"PAL0708",39,"Adelie Penguin (Pygoscelis adeliae)","Anvers","Dream","Adult, 1 Egg Stage","N25A1","No","2007-11-13",37.6,19.3,181,3300,"FEMALE"
"39",40,40,40,"PAL0708",40,"Adelie Penguin (Pygoscelis adeliae)","Anvers","Dream","Adult, 1 Egg Stage","N25A2","No","2007-11-13",39.8,19.1,184,4650,"MALE"
"40",41,41,41,"PAL0708",41,"Adelie Penguin (Pygoscelis adeliae)","Anvers","Dream","Adult, 1 Egg Stage","N26A1","Yes","2007-11-16",36.5,18,182,3150,"FEMALE"
"41",42,42,42,"PAL0708",42,"Adelie Penguin (Pygoscelis adeliae)","Anvers","Dream","Adult, 1 Egg Stage","N26A2","Yes","2007-11-16",40.8,18.4,195,3900,"MALE"
"42",43,43,43,"PAL0708",43,"Adelie Penguin (Pygoscelis adeliae)","Anvers","Dream","Adult, 1 Egg Stage","N27A1","Yes","2007-11-19",36,18.5,186,3100,"FEMALE"
"43",44,44,44,"PAL0708",44,"Adelie Penguin (Pygoscelis adeliae)","Anvers","Dream","Adult, 1 Egg Stage","N27A2","Yes","2007-11-19",44.1,19.7,196,4400,"MALE"
"44",45,45,45,"PAL0708",45,"Adelie Penguin (Pygoscelis adeliae)","Anvers","Dream","Adult, 1 Egg Stage","N28A1","Yes","2007-11-16",37,16.9,185,3000,"FEMALE"
"45",46,46,46,"PAL0708",46,"Adelie Penguin (Pygoscelis adeliae)","Anvers","Dream","Adult, 1 Egg Stage","N28A2","Yes","2007-11-16",39.6,18.8,190,4600,"MALE"
"46",47,47,47,"PAL0708",47,"Adelie Penguin (Pygoscelis adeliae)","Anvers","Dream","Adult, 1 Egg Stage","N29A1","Yes","2007-11-13",41.1,19,182,3425,"MALE"
"47",48,48,48,"PAL0708",48,"Adelie Penguin (Pygoscelis adeliae)","Anvers","Dream","Adult, 1 Egg Stage","N29A2","Yes","2007-11-13",37.5,18.9,179,2975,NA
"48",49,49,49,"PAL0708",49,"Adelie Penguin (Pygoscelis adeliae)","Anvers","Dream","Adult, 1 Egg Stage","N30A1","Yes","2007-11-13",36,17.9,190,3450,"FEMALE"
"49",50,50,50,"PAL0708",50,"Adelie Penguin (Pygoscelis adeliae)","Anvers","Dream","Adult, 1 Egg Stage","N30A2","Yes","2007-11-13",42.3,21.2,191,4150,"MALE"
"50",51,51,51,"PAL0809",51,"Adelie Penguin (Pygoscelis adeliae)","Anvers","Biscoe","Adult, 1 Egg Stage","N21A1","Yes","2008-11-06",39.6,17.7,186,3500,"FEMALE"
"51",52,52,52,"PAL0809",52,"Adelie Penguin (Pygoscelis adeliae)","Anvers","Biscoe","Adult, 1 Egg Stage","N21A2","Yes","2008-11-06",40.1,18.9,188,4300,"MALE"
"52",53,53,53,"PAL0809",53,"Adelie Penguin (Pygoscelis adeliae)","Anvers","Biscoe","Adult, 1 Egg Stage","N22A1","Yes","2008-11-09",35,17.9,190,3450,"FEMALE"
"53",54,54,54,"PAL0809",54,"Adelie Penguin (Pygoscelis adeliae)","Anvers","Biscoe","Adult, 1 Egg Stage","N22A2","Yes","2008-11-09",42,19.5,200,4050,"MALE"
"54",55,55,55,"PAL0809",55,"Adelie Penguin (Pygoscelis adeliae)","Anvers","Biscoe","Adult, 1 Egg Stage","N23A1","Yes","2008-11-09",34.5,18.1,187,2900,"FEMALE"
"55",56,56,56,"PAL0809",56,"Adelie Penguin (Pygoscelis adeliae)","Anvers","Biscoe","Adult, 1 Egg Stage","N23A2","Yes","2008-11-09",41.4,18.6,191,3700,"MALE"
"56",57,57,57,"PAL0809",57,"Adelie Penguin (Pygoscelis adeliae)","Anvers","Biscoe","Adult, 1 Egg Stage","N24A1","Yes","2008-11-15",39,17.5,186,3550,"FEMALE"
"57",58,58,58,"PAL0809",58,"Adelie Penguin (Pygoscelis adeliae)","Anvers","Biscoe","Adult, 1 Egg Stage","N24A2","Yes","2008-11-15",40.6,18.8,193,3800,"MALE"
"58",59,59,59,"PAL0809",59,"Adelie Penguin (Pygoscelis adeliae)","Anvers","Biscoe","Adult, 1 Egg Stage","N25A1","Yes","2008-11-15",36.5,16.6,181,2850,"FEMALE"
"59",60,60,60,"PAL0809",60,"Adelie Penguin (Pygoscelis adeliae)","Anvers","Biscoe","Adult, 1 Egg Stage","N25A2","Yes","2008-11-15",37.6,19.1,194,3750,"MALE"
"60",61,61,61,"PAL0809",61,"Adelie Penguin (Pygoscelis adeliae)","Anvers","Biscoe","Adult, 1 Egg Stage","N27A1","Yes","2008-11-13",35.7,16.9,185,3150,"FEMALE"
"61",62,62,62,"PAL0809",62,"Adelie Penguin (Pygoscelis adeliae)","Anvers","Biscoe","Adult, 1 Egg Stage","N27A2","Yes","2008-11-13",41.3,21.1,195,4400,"MALE"
"62",63,63,63,"PAL0809",63,"Adelie Penguin (Pygoscelis adeliae)","Anvers","Biscoe","Adult, 1 Egg Stage","N28A1","Yes","2008-11-13",37.6,17,185,3600,"FEMALE"
"63",64,64,64,"PAL0809",64,"Adelie Penguin (Pygoscelis adeliae)","Anvers","Biscoe","Adult, 1 Egg Stage","N28A2","Yes","2008-11-13",41.1,18.2,192,4050,"MALE"
"64",65,65,65,"PAL0809",65,"Adelie Penguin (Pygoscelis adeliae)","Anvers","Biscoe","Adult, 1 Egg Stage","N29A1","Yes","2008-11-13",36.4,17.1,184,2850,"FEMALE"
"65",66,66,66,"PAL0809",66,"Adelie Penguin (Pygoscelis adeliae)","Anvers","Biscoe","Adult, 1 Egg Stage","N29A2","Yes","2008-11-13",41.6,18,192,3950,"MALE"
"66",67,67,67,"PAL0809",67,"Adelie Penguin (Pygoscelis adeliae)","Anvers","Biscoe","Adult, 1 Egg Stage","N30A1","Yes","2008-11-06",35.5,16.2,195,3350,"FEMALE"
"67",68,68,68,"PAL0809",68,"Adelie Penguin (Pygoscelis adeliae)","Anvers","Biscoe","Adult, 1 Egg Stage","N30A2","Yes","2008-11-06",41.1,19.1,188,4100,"MALE"
"68",69,69,69,"PAL0809",69,"Adelie Penguin (Pygoscelis adeliae)","Anvers","Torgersen","Adult, 1 Egg Stage","N32A1","No","2008-11-11",35.9,16.6,190,3050,"FEMALE"
"69",70,70,70,"PAL0809",70,"Adelie Penguin (Pygoscelis adeliae)","Anvers","Torgersen","Adult, 1 Egg Stage","N32A2","No","2008-11-11",41.8,19.4,198,4450,"MALE"
"70",71,71,71,"PAL0809",71,"Adelie Penguin (Pygoscelis adeliae)","Anvers","Torgersen","Adult, 1 Egg Stage","N34A1","Yes","2008-11-14",33.5,19,190,3600,"FEMALE"
"71",72,72,72,"PAL0809",72,"Adelie Penguin (Pygoscelis adeliae)","Anvers","Torgersen","Adult, 1 Egg Stage","N34A2","Yes","2008-11-14",39.7,18.4,190,3900,"MALE"
"72",73,73,73,"PAL0809",73,"Adelie Penguin (Pygoscelis adeliae)","Anvers","Torgersen","Adult, 1 Egg Stage","N35A1","Yes","2008-11-11",39.6,17.2,196,3550,"FEMALE"
"73",74,74,74,"PAL0809",74,"Adelie Penguin (Pygoscelis adeliae)","Anvers","Torgersen","Adult, 1 Egg Stage","N35A2","Yes","2008-11-11",45.8,18.9,197,4150,"MALE"
"74",75,75,75,"PAL0809",75,"Adelie Penguin (Pygoscelis adeliae)","Anvers","Torgersen","Adult, 1 Egg Stage","N36A1","Yes","2008-11-08",35.5,17.5,190,3700,"FEMALE"
"75",76,76,76,"PAL0809",76,"Adelie Penguin (Pygoscelis adeliae)","Anvers","Torgersen","Adult, 1 Egg Stage","N36A2","Yes","2008-11-08",42.8,18.5,195,4250,"MALE"
"76",77,77,77,"PAL0809",77,"Adelie Penguin (Pygoscelis adeliae)","Anvers","Torgersen","Adult, 1 Egg Stage","N37A1","Yes","2008-11-06",40.9,16.8,191,3700,"FEMALE"
"77",78,78,78,"PAL0809",78,"Adelie Penguin (Pygoscelis adeliae)","Anvers","Torgersen","Adult, 1 Egg Stage","N37A2","Yes","2008-11-06",37.2,19.4,184,3900,"MALE"
"78",79,79,79,"PAL0809",79,"Adelie Penguin (Pygoscelis adeliae)","Anvers","Torgersen","Adult, 1 Egg Stage","N38A1","Yes","2008-11-09",36.2,16.1,187,3550,"FEMALE"
"79",80,80,80,"PAL0809",80,"Adelie Penguin (Pygoscelis adeliae)","Anvers","Torgersen","Adult, 1 Egg Stage","N38A2","Yes","2008-11-09",42.1,19.1,195,4000,"MALE"
"80",81,81,81,"PAL0809",81,"Adelie Penguin (Pygoscelis adeliae)","Anvers","Torgersen","Adult, 1 Egg Stage","N39A1","Yes","2008-11-02",34.6,17.2,189,3200,"FEMALE"
"81",82,82,82,"PAL0809",82,"Adelie Penguin (Pygoscelis adeliae)","Anvers","Torgersen","Adult, 1 Egg Stage","N39A2","Yes","2008-11-02",42.9,17.6,196,4700,"MALE"
"82",83,83,83,"PAL0809",83,"Adelie Penguin (Pygoscelis adeliae)","Anvers","Torgersen","Adult, 1 Egg Stage","N40A1","Yes","2008-11-07",36.7,18.8,187,3800,"FEMALE"
"83",84,84,84,"PAL0809",84,"Adelie Penguin (Pygoscelis adeliae)","Anvers","Torgersen","Adult, 1 Egg Stage","N40A2","Yes","2008-11-07",35.1,19.4,193,4200,"MALE"
"84",85,85,85,"PAL0809",85,"Adelie Penguin (Pygoscelis adeliae)","Anvers","Dream","Adult, 1 Egg Stage","N41A1","Yes","2008-11-17",37.3,17.8,191,3350,"FEMALE"
"85",86,86,86,"PAL0809",86,"Adelie Penguin (Pygoscelis adeliae)","Anvers","Dream","Adult, 1 Egg Stage","N41A2","Yes","2008-11-17",41.3,20.3,194,3550,"MALE"
"86",87,87,87,"PAL0809",87,"Adelie Penguin (Pygoscelis adeliae)","Anvers","Dream","Adult, 1 Egg Stage","N42A1","Yes","2008-11-08",36.3,19.5,190,3800,"MALE"
"87",88,88,88,"PAL0809",88,"Adelie Penguin (Pygoscelis adeliae)","Anvers","Dream","Adult, 1 Egg Stage","N42A2","Yes","2008-11-08",36.9,18.6,189,3500,"FEMALE"
"88",89,89,89,"PAL0809",89,"Adelie Penguin (Pygoscelis adeliae)","Anvers","Dream","Adult, 1 Egg Stage","N44A1","Yes","2008-11-08",38.3,19.2,189,3950,"MALE"
"89",90,90,90,"PAL0809",90,"Adelie Penguin (Pygoscelis adeliae)","Anvers","Dream","Adult, 1 Egg Stage","N44A2","Yes","2008-11-08",38.9,18.8,190,3600,"FEMALE"
"90",91,91,91,"PAL0809",91,"Adelie Penguin (Pygoscelis adeliae)","Anvers","Dream","Adult, 1 Egg Stage","N45A1","Yes","2008-11-14",35.7,18,202,3550,"FEMALE"
"91",92,92,92,"PAL0809",92,"Adelie Penguin (Pygoscelis adeliae)","Anvers","Dream","Adult, 1 Egg Stage","N45A2","Yes","2008-11-14",41.1,18.1,205,4300,"MALE"
"92",93,93,93,"PAL0809",93,"Adelie Penguin (Pygoscelis adeliae)","Anvers","Dream","Adult, 1 Egg Stage","N46A1","Yes","2008-11-05",34,17.1,185,3400,"FEMALE"
"93",94,94,94,"PAL0809",94,"Adelie Penguin (Pygoscelis adeliae)","Anvers","Dream","Adult, 1 Egg Stage","N46A2","Yes","2008-11-05",39.6,18.1,186,4450,"MALE"
"94",95,95,95,"PAL0809",95,"Adelie Penguin (Pygoscelis adeliae)","Anvers","Dream","Adult, 1 Egg Stage","N48A1","Yes","2008-11-17",36.2,17.3,187,3300,"FEMALE"
"95",96,96,96,"PAL0809",96,"Adelie Penguin (Pygoscelis adeliae)","Anvers","Dream","Adult, 1 Egg Stage","N48A2","Yes","2008-11-17",40.8,18.9,208,4300,"MALE"
"96",97,97,97,"PAL0809",97,"Adelie Penguin (Pygoscelis adeliae)","Anvers","Dream","Adult, 1 Egg Stage","N49A1","Yes","2008-11-08",38.1,18.6,190,3700,"FEMALE"
"97",98,98,98,"PAL0809",98,"Adelie Penguin (Pygoscelis adeliae)","Anvers","Dream","Adult, 1 Egg Stage","N49A2","Yes","2008-11-08",40.3,18.5,196,4350,"MALE"
"98",99,99,99,"PAL0809",99,"Adelie Penguin (Pygoscelis adeliae)","Anvers","Dream","Adult, 1 Egg Stage","N50A1","Yes","2008-11-10",33.1,16.1,178,2900,"FEMALE"
"99",100,100,100,"PAL0809",100,"Adelie Penguin (Pygoscelis adeliae)","Anvers","Dream","Adult, 1 Egg Stage","N50A2","Yes","2008-11-10",43.2,18.5,192,4100,"MALE"
"100",101,101,101,"PAL0910",101,"Adelie Penguin (Pygoscelis adeliae)","Anvers","Biscoe","Adult, 1 Egg Stage","N47A1","Yes","2009-11-09",35,17.9,192,3725,"FEMALE"
"101",102,102,102,"PAL0910",102,"Adelie Penguin (Pygoscelis adeliae)","Anvers","Biscoe","Adult, 1 Egg Stage","N47A2","Yes","2009-11-09",41,20,203,4725,"MALE"
"102",103,103,103,"PAL0910",103,"Adelie Penguin (Pygoscelis adeliae)","Anvers","Biscoe","Adult, 1 Egg Stage","N49A1","Yes","2009-11-15",37.7,16,183,3075,"FEMALE"
"103",104,104,104,"PAL0910",104,"Adelie Penguin (Pygoscelis adeliae)","Anvers","Biscoe","Adult, 1 Egg Stage","N49A2","Yes","2009-11-15",37.8,20,190,4250,"MALE"
"104",105,105,105,"PAL0910",105,"Adelie Penguin (Pygoscelis adeliae)","Anvers","Biscoe","Adult, 1 Egg Stage","N51A1","Yes","2009-11-15",37.9,18.6,193,2925,"FEMALE"
"105",106,106,106,"PAL0910",106,"Adelie Penguin (Pygoscelis adeliae)","Anvers","Biscoe","Adult, 1 Egg Stage","N51A2","Yes","2009-11-15",39.7,18.9,184,3550,"MALE"
"106",107,107,107,"PAL0910",107,"Adelie Penguin (Pygoscelis adeliae)","Anvers","Biscoe","Adult, 1 Egg Stage","N53A1","Yes","2009-11-15",38.6,17.2,199,3750,"FEMALE"
"107",108,108,108,"PAL0910",108,"Adelie Penguin (Pygoscelis adeliae)","Anvers","Biscoe","Adult, 1 Egg Stage","N53A2","Yes","2009-11-15",38.2,20,190,3900,"MALE"
"108",109,109,109,"PAL0910",109,"Adelie Penguin (Pygoscelis adeliae)","Anvers","Biscoe","Adult, 1 Egg Stage","N55A1","Yes","2009-11-20",38.1,17,181,3175,"FEMALE"
"109",110,110,110,"PAL0910",110,"Adelie Penguin (Pygoscelis adeliae)","Anvers","Biscoe","Adult, 1 Egg Stage","N55A2","Yes","2009-11-20",43.2,19,197,4775,"MALE"
"110",111,111,111,"PAL0910",111,"Adelie Penguin (Pygoscelis adeliae)","Anvers","Biscoe","Adult, 1 Egg Stage","N58A1","Yes","2009-11-12",38.1,16.5,198,3825,"FEMALE"
"111",112,112,112,"PAL0910",112,"Adelie Penguin (Pygoscelis adeliae)","Anvers","Biscoe","Adult, 1 Egg Stage","N58A2","Yes","2009-11-12",45.6,20.3,191,4600,"MALE"
"112",113,113,113,"PAL0910",113,"Adelie Penguin (Pygoscelis adeliae)","Anvers","Biscoe","Adult, 1 Egg Stage","N60A1","Yes","2009-11-15",39.7,17.7,193,3200,"FEMALE"
"113",114,114,114,"PAL0910",114,"Adelie Penguin (Pygoscelis adeliae)","Anvers","Biscoe","Adult, 1 Egg Stage","N60A2","Yes","2009-11-15",42.2,19.5,197,4275,"MALE"
"114",115,115,115,"PAL0910",115,"Adelie Penguin (Pygoscelis adeliae)","Anvers","Biscoe","Adult, 1 Egg Stage","N61A1","Yes","2009-11-17",39.6,20.7,191,3900,"FEMALE"
"115",116,116,116,"PAL0910",116,"Adelie Penguin (Pygoscelis adeliae)","Anvers","Biscoe","Adult, 1 Egg Stage","N61A2","Yes","2009-11-17",42.7,18.3,196,4075,"MALE"
"116",117,117,117,"PAL0910",117,"Adelie Penguin (Pygoscelis adeliae)","Anvers","Torgersen","Adult, 1 Egg Stage","N63A1","Yes","2009-11-18",38.6,17,188,2900,"FEMALE"
"117",118,118,118,"PAL0910",118,"Adelie Penguin (Pygoscelis adeliae)","Anvers","Torgersen","Adult, 1 Egg Stage","N63A2","Yes","2009-11-18",37.3,20.5,199,3775,"MALE"
"118",119,119,119,"PAL0910",119,"Adelie Penguin (Pygoscelis adeliae)","Anvers","Torgersen","Adult, 1 Egg Stage","N64A1","Yes","2009-11-22",35.7,17,189,3350,"FEMALE"
"119",120,120,120,"PAL0910",120,"Adelie Penguin (Pygoscelis adeliae)","Anvers","Torgersen","Adult, 1 Egg Stage","N64A2","Yes","2009-11-22",41.1,18.6,189,3325,"MALE"
"120",121,121,121,"PAL0910",121,"Adelie Penguin (Pygoscelis adeliae)","Anvers","Torgersen","Adult, 1 Egg Stage","N66A1","No","2009-11-17",36.2,17.2,187,3150,"FEMALE"
"121",122,122,122,"PAL0910",122,"Adelie Penguin (Pygoscelis adeliae)","Anvers","Torgersen","Adult, 1 Egg Stage","N66A2","No","2009-11-17",37.7,19.8,198,3500,"MALE"
"122",123,123,123,"PAL0910",123,"Adelie Penguin (Pygoscelis adeliae)","Anvers","Torgersen","Adult, 1 Egg Stage","N67A1","Yes","2009-11-16",40.2,17,176,3450,"FEMALE"
"123",124,124,124,"PAL0910",124,"Adelie Penguin (Pygoscelis adeliae)","Anvers","Torgersen","Adult, 1 Egg Stage","N67A2","Yes","2009-11-16",41.4,18.5,202,3875,"MALE"
"124",125,125,125,"PAL0910",125,"Adelie Penguin (Pygoscelis adeliae)","Anvers","Torgersen","Adult, 1 Egg Stage","N69A1","Yes","2009-11-18",35.2,15.9,186,3050,"FEMALE"
"125",126,126,126,"PAL0910",126,"Adelie Penguin (Pygoscelis adeliae)","Anvers","Torgersen","Adult, 1 Egg Stage","N69A2","Yes","2009-11-18",40.6,19,199,4000,"MALE"
"126",127,127,127,"PAL0910",127,"Adelie Penguin (Pygoscelis adeliae)","Anvers","Torgersen","Adult, 1 Egg Stage","N71A1","Yes","2009-11-21",38.8,17.6,191,3275,"FEMALE"
"127",128,128,128,"PAL0910",128,"Adelie Penguin (Pygoscelis adeliae)","Anvers","Torgersen","Adult, 1 Egg Stage","N71A2","Yes","2009-11-21",41.5,18.3,195,4300,"MALE"
"128",129,129,129,"PAL0910",129,"Adelie Penguin (Pygoscelis adeliae)","Anvers","Torgersen","Adult, 1 Egg Stage","N72A1","Yes","2009-11-18",39,17.1,191,3050,"FEMALE"
"129",130,130,130,"PAL0910",130,"Adelie Penguin (Pygoscelis adeliae)","Anvers","Torgersen","Adult, 1 Egg Stage","N72A2","Yes","2009-11-18",44.1,18,210,4000,"MALE"
"130",131,131,131,"PAL0910",131,"Adelie Penguin (Pygoscelis adeliae)","Anvers","Torgersen","Adult, 1 Egg Stage","N73A1","No","2009-11-23",38.5,17.9,190,3325,"FEMALE"
"131",132,132,132,"PAL0910",132,"Adelie Penguin (Pygoscelis adeliae)","Anvers","Torgersen","Adult, 1 Egg Stage","N73A2","No","2009-11-23",43.1,19.2,197,3500,"MALE"
"132",133,133,133,"PAL0910",133,"Adelie Penguin (Pygoscelis adeliae)","Anvers","Dream","Adult, 1 Egg Stage","N76A1","Yes","2009-11-10",36.8,18.5,193,3500,"FEMALE"
"133",134,134,134,"PAL0910",134,"Adelie Penguin (Pygoscelis adeliae)","Anvers","Dream","Adult, 1 Egg Stage","N76A2","Yes","2009-11-10",37.5,18.5,199,4475,"MALE"
"134",135,135,135,"PAL0910",135,"Adelie Penguin (Pygoscelis adeliae)","Anvers","Dream","Adult, 1 Egg Stage","N77A1","Yes","2009-11-13",38.1,17.6,187,3425,"FEMALE"
"135",136,136,136,"PAL0910",136,"Adelie Penguin (Pygoscelis adeliae)","Anvers","Dream","Adult, 1 Egg Stage","N77A2","Yes","2009-11-13",41.1,17.5,190,3900,"MALE"
"136",137,137,137,"PAL0910",137,"Adelie Penguin (Pygoscelis adeliae)","Anvers","Dream","Adult, 1 Egg Stage","N78A1","Yes","2009-11-16",35.6,17.5,191,3175,"FEMALE"
"137",138,138,138,"PAL0910",138,"Adelie Penguin (Pygoscelis adeliae)","Anvers","Dream","Adult, 1 Egg Stage","N78A2","Yes","2009-11-16",40.2,20.1,200,3975,"MALE"
"138",139,139,139,"PAL0910",139,"Adelie Penguin (Pygoscelis adeliae)","Anvers","Dream","Adult, 1 Egg Stage","N79A1","No","2009-11-16",37,16.5,185,3400,"FEMALE"
"139",140,140,140,"PAL0910",140,"Adelie Penguin (Pygoscelis adeliae)","Anvers","Dream","Adult, 1 Egg Stage","N79A2","No","2009-11-16",39.7,17.9,193,4250,"MALE"
"140",141,141,141,"PAL0910",141,"Adelie Penguin (Pygoscelis adeliae)","Anvers","Dream","Adult, 1 Egg Stage","N80A1","Yes","2009-11-14",40.2,17.1,193,3400,"FEMALE"
"141",142,142,142,"PAL0910",142,"Adelie Penguin (Pygoscelis adeliae)","Anvers","Dream","Adult, 1 Egg Stage","N80A2","Yes","2009-11-14",40.6,17.2,187,3475,"MALE"
"142",143,143,143,"PAL0910",143,"Adelie Penguin (Pygoscelis adeliae)","Anvers","Dream","Adult, 1 Egg Stage","N81A1","Yes","2009-11-16",32.1,15.5,188,3050,"FEMALE"
"143",144,144,144,"PAL0910",144,"Adelie Penguin (Pygoscelis adeliae)","Anvers","Dream","Adult, 1 Egg Stage","N81A2","Yes","2009-11-16",40.7,17,190,3725,"MALE"
"144",145,145,145,"PAL0910",145,"Adelie Penguin (Pygoscelis adeliae)","Anvers","Dream","Adult, 1 Egg Stage","N82A1","Yes","2009-11-16",37.3,16.8,192,3000,"FEMALE"
"145",146,146,146,"PAL0910",146,"Adelie Penguin (Pygoscelis adeliae)","Anvers","Dream","Adult, 1 Egg Stage","N82A2","Yes","2009-11-16",39,18.7,185,3650,"MALE"
"146",147,147,147,"PAL0910",147,"Adelie Penguin (Pygoscelis adeliae)","Anvers","Dream","Adult, 1 Egg Stage","N83A1","Yes","2009-11-13",39.2,18.6,190,4250,"MALE"
"147",148,148,148,"PAL0910",148,"Adelie Penguin (Pygoscelis adeliae)","Anvers","Dream","Adult, 1 Egg Stage","N83A2","Yes","2009-11-13",36.6,18.4,184,3475,"FEMALE"
"148",149,149,149,"PAL0910",149,"Adelie Penguin (Pygoscelis adeliae)","Anvers","Dream","Adult, 1 Egg Stage","N84A1","Yes","2009-11-17",36,17.8,195,3450,"FEMALE"
"149",150,150,150,"PAL0910",150,"Adelie Penguin (Pygoscelis adeliae)","Anvers","Dream","Adult, 1 Egg Stage","N84A2","Yes","2009-11-17",37.8,18.1,193,3750,"MALE"
"150",151,151,151,"PAL0910",151,"Adelie Penguin (Pygoscelis adeliae)","Anvers","Dream","Adult, 1 Egg Stage","N85A1","Yes","2009-11-17",36,17.1,187,3700,"FEMALE"
"151",152,152,152,"PAL0910",152,"Adelie Penguin (Pygoscelis adeliae)","Anvers","Dream","Adult, 1 Egg Stage","N85A2","Yes","2009-11-17",41.5,18.5,201,4000,"MALE"
"152",153,153,153,"PAL0708",1,"Gentoo penguin (Pygoscelis papua)","Anvers","Biscoe","Adult, 1 Egg Stage","N31A1","Yes","2007-11-27",46.1,13.2,211,4500,"FEMALE"
"153",154,154,154,"PAL0708",2,"Gentoo penguin (Pygoscelis papua)","Anvers","Biscoe","Adult, 1 Egg Stage","N31A2","Yes","2007-11-27",50,16.3,230,5700,"MALE"
"154",155,155,155,"PAL0708",3,"Gentoo penguin (Pygoscelis papua)","Anvers","Biscoe","Adult, 1 Egg Stage","N32A1","Yes","2007-11-27",48.7,14.1,210,4450,"FEMALE"
"155",156,156,156,"PAL0708",4,"Gentoo penguin (Pygoscelis papua)","Anvers","Biscoe","Adult, 1 Egg Stage","N32A2","Yes","2007-11-27",50,15.2,218,5700,"MALE"
"156",157,157,157,"PAL0708",5,"Gentoo penguin (Pygoscelis papua)","Anvers","Biscoe","Adult, 1 Egg Stage","N33A1","Yes","2007-11-18",47.6,14.5,215,5400,"MALE"
"157",158,158,158,"PAL0708",6,"Gentoo penguin (Pygoscelis papua)","Anvers","Biscoe","Adult, 1 Egg Stage","N33A2","Yes","2007-11-18",46.5,13.5,210,4550,"FEMALE"
"158",159,159,159,"PAL0708",7,"Gentoo penguin (Pygoscelis papua)","Anvers","Biscoe","Adult, 1 Egg Stage","N34A1","Yes","2007-11-27",45.4,14.6,211,4800,"FEMALE"
"159",160,160,160,"PAL0708",8,"Gentoo penguin (Pygoscelis papua)","Anvers","Biscoe","Adult, 1 Egg Stage","N34A2","Yes","2007-11-27",46.7,15.3,219,5200,"MALE"
"160",161,161,161,"PAL0708",9,"Gentoo penguin (Pygoscelis papua)","Anvers","Biscoe","Adult, 1 Egg Stage","N35A1","Yes","2007-11-27",43.3,13.4,209,4400,"FEMALE"
"161",162,162,162,"PAL0708",10,"Gentoo penguin (Pygoscelis papua)","Anvers","Biscoe","Adult, 1 Egg Stage","N35A2","Yes","2007-11-27",46.8,15.4,215,5150,"MALE"
"162",163,163,163,"PAL0708",11,"Gentoo penguin (Pygoscelis papua)","Anvers","Biscoe","Adult, 1 Egg Stage","N36A1","No","2007-11-27",40.9,13.7,214,4650,"FEMALE"
"163",164,164,164,"PAL0708",12,"Gentoo penguin (Pygoscelis papua)","Anvers","Biscoe","Adult, 1 Egg Stage","N36A2","No","2007-11-27",49,16.1,216,5550,"MALE"
"164",165,165,165,"PAL0708",13,"Gentoo penguin (Pygoscelis papua)","Anvers","Biscoe","Adult, 1 Egg Stage","N37A1","Yes","2007-11-29",45.5,13.7,214,4650,"FEMALE"
"165",166,166,166,"PAL0708",14,"Gentoo penguin (Pygoscelis papua)","Anvers","Biscoe","Adult, 1 Egg Stage","N37A2","Yes","2007-11-29",48.4,14.6,213,5850,"MALE"
"166",167,167,167,"PAL0708",15,"Gentoo penguin (Pygoscelis papua)","Anvers","Biscoe","Adult, 1 Egg Stage","N38A1","Yes","2007-12-03",45.8,14.6,210,4200,"FEMALE"
"167",168,168,168,"PAL0708",16,"Gentoo penguin (Pygoscelis papua)","Anvers","Biscoe","Adult, 1 Egg Stage","N38A2","Yes","2007-12-03",49.3,15.7,217,5850,"MALE"
"168",169,169,169,"PAL0708",17,"Gentoo penguin (Pygoscelis papua)","Anvers","Biscoe","Adult, 1 Egg Stage","N39A1","Yes","2007-11-27",42,13.5,210,4150,"FEMALE"
"169",170,170,170,"PAL0708",18,"Gentoo penguin (Pygoscelis papua)","Anvers","Biscoe","Adult, 1 Egg Stage","N39A2","Yes","2007-11-27",49.2,15.2,221,6300,"MALE"
"170",171,171,171,"PAL0708",19,"Gentoo penguin (Pygoscelis papua)","Anvers","Biscoe","Adult, 1 Egg Stage","N40A1","Yes","2007-11-27",46.2,14.5,209,4800,"FEMALE"
"171",172,172,172,"PAL0708",20,"Gentoo penguin (Pygoscelis papua)","Anvers","Biscoe","Adult, 1 Egg Stage","N40A2","Yes","2007-11-27",48.7,15.1,222,5350,"MALE"
"172",173,173,173,"PAL0708",21,"Gentoo penguin (Pygoscelis papua)","Anvers","Biscoe","Adult, 1 Egg Stage","N41A1","Yes","2007-11-27",50.2,14.3,218,5700,"MALE"
"173",174,174,174,"PAL0708",22,"Gentoo penguin (Pygoscelis papua)","Anvers","Biscoe","Adult, 1 Egg Stage","N41A2","Yes","2007-11-27",45.1,14.5,215,5000,"FEMALE"
"174",175,175,175,"PAL0708",23,"Gentoo penguin (Pygoscelis papua)","Anvers","Biscoe","Adult, 1 Egg Stage","N42A1","Yes","2007-11-27",46.5,14.5,213,4400,"FEMALE"
"175",176,176,176,"PAL0708",24,"Gentoo penguin (Pygoscelis papua)","Anvers","Biscoe","Adult, 1 Egg Stage","N42A2","Yes","2007-11-27",46.3,15.8,215,5050,"MALE"
"176",177,177,177,"PAL0708",25,"Gentoo penguin (Pygoscelis papua)","Anvers","Biscoe","Adult, 1 Egg Stage","N44A1","Yes","2007-11-29",42.9,13.1,215,5000,"FEMALE"
"177",178,178,178,"PAL0708",26,"Gentoo penguin (Pygoscelis papua)","Anvers","Biscoe","Adult, 1 Egg Stage","N44A2","Yes","2007-11-29",46.1,15.1,215,5100,"MALE"
"178",179,179,179,"PAL0708",27,"Gentoo penguin (Pygoscelis papua)","Anvers","Biscoe","Adult, 1 Egg Stage","N46A1","Yes","2007-11-29",44.5,14.3,216,4100,NA
"179",180,180,180,"PAL0708",28,"Gentoo penguin (Pygoscelis papua)","Anvers","Biscoe","Adult, 1 Egg Stage","N46A2","Yes","2007-11-29",47.8,15,215,5650,"MALE"
"180",181,181,181,"PAL0708",29,"Gentoo penguin (Pygoscelis papua)","Anvers","Biscoe","Adult, 1 Egg Stage","N47A1","Yes","2007-11-29",48.2,14.3,210,4600,"FEMALE"
"181",182,182,182,"PAL0708",30,"Gentoo penguin (Pygoscelis papua)","Anvers","Biscoe","Adult, 1 Egg Stage","N47A2","Yes","2007-11-29",50,15.3,220,5550,"MALE"
"182",183,183,183,"PAL0708",31,"Gentoo penguin (Pygoscelis papua)","Anvers","Biscoe","Adult, 1 Egg Stage","N50A1","Yes","2007-11-29",47.3,15.3,222,5250,"MALE"
"183",184,184,184,"PAL0708",32,"Gentoo penguin (Pygoscelis papua)","Anvers","Biscoe","Adult, 1 Egg Stage","N50A2","Yes","2007-11-29",42.8,14.2,209,4700,"FEMALE"
"184",185,185,185,"PAL0708",33,"Gentoo penguin (Pygoscelis papua)","Anvers","Biscoe","Adult, 1 Egg Stage","N56A1","Yes","2007-12-03",45.1,14.5,207,5050,"FEMALE"
"185",186,186,186,"PAL0708",34,"Gentoo penguin (Pygoscelis papua)","Anvers","Biscoe","Adult, 1 Egg Stage","N56A2","Yes","2007-12-03",59.6,17,230,6050,"MALE"
"186",187,187,187,"PAL0809",35,"Gentoo penguin (Pygoscelis papua)","Anvers","Biscoe","Adult, 1 Egg Stage","N2A1","Yes","2008-11-13",49.1,14.8,220,5150,"FEMALE"
"187",188,188,188,"PAL0809",36,"Gentoo penguin (Pygoscelis papua)","Anvers","Biscoe","Adult, 1 Egg Stage","N2A2","Yes","2008-11-13",48.4,16.3,220,5400,"MALE"
"188",189,189,189,"PAL0809",37,"Gentoo penguin (Pygoscelis papua)","Anvers","Biscoe","Adult, 1 Egg Stage","N4A1","Yes","2008-11-02",42.6,13.7,213,4950,"FEMALE"
"189",190,190,190,"PAL0809",38,"Gentoo penguin (Pygoscelis papua)","Anvers","Biscoe","Adult, 1 Egg Stage","N4A2","Yes","2008-11-02",44.4,17.3,219,5250,"MALE"
"190",191,191,191,"PAL0809",39,"Gentoo penguin (Pygoscelis papua)","Anvers","Biscoe","Adult, 1 Egg Stage","N5A1","Yes","2008-11-09",44,13.6,208,4350,"FEMALE"
"191",192,192,192,"PAL0809",40,"Gentoo penguin (Pygoscelis papua)","Anvers","Biscoe","Adult, 1 Egg Stage","N5A2","Yes","2008-11-09",48.7,15.7,208,5350,"MALE"
"192",193,193,193,"PAL0809",41,"Gentoo penguin (Pygoscelis papua)","Anvers","Biscoe","Adult, 1 Egg Stage","N6A1","No","2008-11-04",42.7,13.7,208,3950,"FEMALE"
"193",194,194,194,"PAL0809",42,"Gentoo penguin (Pygoscelis papua)","Anvers","Biscoe","Adult, 1 Egg Stage","N6A2","No","2008-11-04",49.6,16,225,5700,"MALE"
"194",195,195,195,"PAL0809",43,"Gentoo penguin (Pygoscelis papua)","Anvers","Biscoe","Adult, 1 Egg Stage","N7A1","Yes","2008-11-04",45.3,13.7,210,4300,"FEMALE"
"195",196,196,196,"PAL0809",44,"Gentoo penguin (Pygoscelis papua)","Anvers","Biscoe","Adult, 1 Egg Stage","N7A2","Yes","2008-11-04",49.6,15,216,4750,"MALE"
"196",197,197,197,"PAL0809",45,"Gentoo penguin (Pygoscelis papua)","Anvers","Biscoe","Adult, 1 Egg Stage","N8A1","Yes","2008-11-03",50.5,15.9,222,5550,"MALE"
"197",198,198,198,"PAL0809",46,"Gentoo penguin (Pygoscelis papua)","Anvers","Biscoe","Adult, 1 Egg Stage","N8A2","Yes","2008-11-03",43.6,13.9,217,4900,"FEMALE"
"198",199,199,199,"PAL0809",47,"Gentoo penguin (Pygoscelis papua)","Anvers","Biscoe","Adult, 1 Egg Stage","N11A1","No","2008-11-09",45.5,13.9,210,4200,"FEMALE"
"199",200,200,200,"PAL0809",48,"Gentoo penguin (Pygoscelis papua)","Anvers","Biscoe","Adult, 1 Egg Stage","N11A2","No","2008-11-09",50.5,15.9,225,5400,"MALE"
"200",201,201,201,"PAL0809",49,"Gentoo penguin (Pygoscelis papua)","Anvers","Biscoe","Adult, 1 Egg Stage","N12A1","Yes","2008-11-02",44.9,13.3,213,5100,"FEMALE"
"201",202,202,202,"PAL0809",50,"Gentoo penguin (Pygoscelis papua)","Anvers","Biscoe","Adult, 1 Egg Stage","N12A2","Yes","2008-11-02",45.2,15.8,215,5300,"MALE"
"202",203,203,203,"PAL0809",51,"Gentoo penguin (Pygoscelis papua)","Anvers","Biscoe","Adult, 1 Egg Stage","N13A1","Yes","2008-11-04",46.6,14.2,210,4850,"FEMALE"
"203",204,204,204,"PAL0809",52,"Gentoo penguin (Pygoscelis papua)","Anvers","Biscoe","Adult, 1 Egg Stage","N13A2","Yes","2008-11-04",48.5,14.1,220,5300,"MALE"
"204",205,205,205,"PAL0809",53,"Gentoo penguin (Pygoscelis papua)","Anvers","Biscoe","Adult, 1 Egg Stage","N14A1","Yes","2008-11-04",45.1,14.4,210,4400,"FEMALE"
"205",206,206,206,"PAL0809",54,"Gentoo penguin (Pygoscelis papua)","Anvers","Biscoe","Adult, 1 Egg Stage","N14A2","Yes","2008-11-04",50.1,15,225,5000,"MALE"
"206",207,207,207,"PAL0809",55,"Gentoo penguin (Pygoscelis papua)","Anvers","Biscoe","Adult, 1 Egg Stage","N15A1","Yes","2008-11-04",46.5,14.4,217,4900,"FEMALE"
"207",208,208,208,"PAL0809",56,"Gentoo penguin (Pygoscelis papua)","Anvers","Biscoe","Adult, 1 Egg Stage","N15A2","Yes","2008-11-04",45,15.4,220,5050,"MALE"
"208",209,209,209,"PAL0809",57,"Gentoo penguin (Pygoscelis papua)","Anvers","Biscoe","Adult, 1 Egg Stage","N16A1","Yes","2008-11-03",43.8,13.9,208,4300,"FEMALE"
"209",210,210,210,"PAL0809",58,"Gentoo penguin (Pygoscelis papua)","Anvers","Biscoe","Adult, 1 Egg Stage","N16A2","Yes","2008-11-03",45.5,15,220,5000,"MALE"
"210",211,211,211,"PAL0809",59,"Gentoo penguin (Pygoscelis papua)","Anvers","Biscoe","Adult, 1 Egg Stage","N17A1","Yes","2008-11-06",43.2,14.5,208,4450,"FEMALE"
"211",212,212,212,"PAL0809",60,"Gentoo penguin (Pygoscelis papua)","Anvers","Biscoe","Adult, 1 Egg Stage","N17A2","Yes","2008-11-06",50.4,15.3,224,5550,"MALE"
"212",213,213,213,"PAL0809",61,"Gentoo penguin (Pygoscelis papua)","Anvers","Biscoe","Adult, 1 Egg Stage","N18A1","Yes","2008-11-03",45.3,13.8,208,4200,"FEMALE"
"213",214,214,214,"PAL0809",62,"Gentoo penguin (Pygoscelis papua)","Anvers","Biscoe","Adult, 1 Egg Stage","N18A2","Yes","2008-11-03",46.2,14.9,221,5300,"MALE"
"214",215,215,215,"PAL0809",63,"Gentoo penguin (Pygoscelis papua)","Anvers","Biscoe","Adult, 1 Egg Stage","N19A1","Yes","2008-11-13",45.7,13.9,214,4400,"FEMALE"
"215",216,216,216,"PAL0809",64,"Gentoo penguin (Pygoscelis papua)","Anvers","Biscoe","Adult, 1 Egg Stage","N19A2","Yes","2008-11-13",54.3,15.7,231,5650,"MALE"
"216",217,217,217,"PAL0809",65,"Gentoo penguin (Pygoscelis papua)","Anvers","Biscoe","Adult, 1 Egg Stage","N20A1","Yes","2008-11-04",45.8,14.2,219,4700,"FEMALE"
"217",218,218,218,"PAL0809",66,"Gentoo penguin (Pygoscelis papua)","Anvers","Biscoe","Adult, 1 Egg Stage","N20A2","Yes","2008-11-04",49.8,16.8,230,5700,"MALE"
"218",219,219,219,"PAL0809",67,"Gentoo penguin (Pygoscelis papua)","Anvers","Biscoe","Adult, 1 Egg Stage","N51A1","Yes","2008-11-09",46.2,14.4,214,4650,NA
"219",220,220,220,"PAL0809",68,"Gentoo penguin (Pygoscelis papua)","Anvers","Biscoe","Adult, 1 Egg Stage","N51A2","Yes","2008-11-09",49.5,16.2,229,5800,"MALE"
"220",221,221,221,"PAL0809",69,"Gentoo penguin (Pygoscelis papua)","Anvers","Biscoe","Adult, 1 Egg Stage","N53A1","Yes","2008-11-13",43.5,14.2,220,4700,"FEMALE"
"221",222,222,222,"PAL0809",70,"Gentoo penguin (Pygoscelis papua)","Anvers","Biscoe","Adult, 1 Egg Stage","N53A2","Yes","2008-11-13",50.7,15,223,5550,"MALE"
"222",223,223,223,"PAL0809",71,"Gentoo penguin (Pygoscelis papua)","Anvers","Biscoe","Adult, 1 Egg Stage","N54A1","Yes","2008-11-03",47.7,15,216,4750,"FEMALE"
"223",224,224,224,"PAL0809",72,"Gentoo penguin (Pygoscelis papua)","Anvers","Biscoe","Adult, 1 Egg Stage","N54A2","Yes","2008-11-03",46.4,15.6,221,5000,"MALE"
"224",225,225,225,"PAL0809",73,"Gentoo penguin (Pygoscelis papua)","Anvers","Biscoe","Adult, 1 Egg Stage","N55A1","Yes","2008-11-09",48.2,15.6,221,5100,"MALE"
"225",226,226,226,"PAL0809",74,"Gentoo penguin (Pygoscelis papua)","Anvers","Biscoe","Adult, 1 Egg Stage","N55A2","Yes","2008-11-09",46.5,14.8,217,5200,"FEMALE"
"226",227,227,227,"PAL0809",75,"Gentoo penguin (Pygoscelis papua)","Anvers","Biscoe","Adult, 1 Egg Stage","N56A1","Yes","2008-11-06",46.4,15,216,4700,"FEMALE"
"227",228,228,228,"PAL0809",76,"Gentoo penguin (Pygoscelis papua)","Anvers","Biscoe","Adult, 1 Egg Stage","N56A2","Yes","2008-11-06",48.6,16,230,5800,"MALE"
"228",229,229,229,"PAL0809",77,"Gentoo penguin (Pygoscelis papua)","Anvers","Biscoe","Adult, 1 Egg Stage","N58A1","Yes","2008-11-06",47.5,14.2,209,4600,"FEMALE"
"229",230,230,230,"PAL0809",78,"Gentoo penguin (Pygoscelis papua)","Anvers","Biscoe","Adult, 1 Egg Stage","N58A2","Yes","2008-11-06",51.1,16.3,220,6000,"MALE"
"230",231,231,231,"PAL0809",79,"Gentoo penguin (Pygoscelis papua)","Anvers","Biscoe","Adult, 1 Egg Stage","N60A1","Yes","2008-11-09",45.2,13.8,215,4750,"FEMALE"
"231",232,232,232,"PAL0809",80,"Gentoo penguin (Pygoscelis papua)","Anvers","Biscoe","Adult, 1 Egg Stage","N60A2","Yes","2008-11-09",45.2,16.4,223,5950,"MALE"
"232",233,233,233,"PAL0910",81,"Gentoo penguin (Pygoscelis papua)","Anvers","Biscoe","Adult, 1 Egg Stage","N1A1","Yes","2009-11-18",49.1,14.5,212,4625,"FEMALE"
"233",234,234,234,"PAL0910",82,"Gentoo penguin (Pygoscelis papua)","Anvers","Biscoe","Adult, 1 Egg Stage","N1A2","Yes","2009-11-18",52.5,15.6,221,5450,"MALE"
"234",235,235,235,"PAL0910",83,"Gentoo penguin (Pygoscelis papua)","Anvers","Biscoe","Adult, 1 Egg Stage","N6A1","Yes","2009-11-15",47.4,14.6,212,4725,"FEMALE"
"235",236,236,236,"PAL0910",84,"Gentoo penguin (Pygoscelis papua)","Anvers","Biscoe","Adult, 1 Egg Stage","N6A2","Yes","2009-11-15",50,15.9,224,5350,"MALE"
"236",237,237,237,"PAL0910",85,"Gentoo penguin (Pygoscelis papua)","Anvers","Biscoe","Adult, 1 Egg Stage","N8A1","Yes","2009-11-22",44.9,13.8,212,4750,"FEMALE"
"237",238,238,238,"PAL0910",86,"Gentoo penguin (Pygoscelis papua)","Anvers","Biscoe","Adult, 1 Egg Stage","N8A2","Yes","2009-11-22",50.8,17.3,228,5600,"MALE"
"238",239,239,239,"PAL0910",87,"Gentoo penguin (Pygoscelis papua)","Anvers","Biscoe","Adult, 1 Egg Stage","N13A1","Yes","2009-11-20",43.4,14.4,218,4600,"FEMALE"
"239",240,240,240,"PAL0910",88,"Gentoo penguin (Pygoscelis papua)","Anvers","Biscoe","Adult, 1 Egg Stage","N13A2","Yes","2009-11-20",51.3,14.2,218,5300,"MALE"
"240",241,241,241,"PAL0910",89,"Gentoo penguin (Pygoscelis papua)","Anvers","Biscoe","Adult, 1 Egg Stage","N14A1","Yes","2009-11-25",47.5,14,212,4875,"FEMALE"
"241",242,242,242,"PAL0910",90,"Gentoo penguin (Pygoscelis papua)","Anvers","Biscoe","Adult, 1 Egg Stage","N14A2","Yes","2009-11-25",52.1,17,230,5550,"MALE"
"242",243,243,243,"PAL0910",91,"Gentoo penguin (Pygoscelis papua)","Anvers","Biscoe","Adult, 1 Egg Stage","N15A1","Yes","2009-11-25",47.5,15,218,4950,"FEMALE"
"243",244,244,244,"PAL0910",92,"Gentoo penguin (Pygoscelis papua)","Anvers","Biscoe","Adult, 1 Egg Stage","N15A2","Yes","2009-11-25",52.2,17.1,228,5400,"MALE"
"244",245,245,245,"PAL0910",93,"Gentoo penguin (Pygoscelis papua)","Anvers","Biscoe","Adult, 1 Egg Stage","N18A1","Yes","2009-12-01",45.5,14.5,212,4750,"FEMALE"
"245",246,246,246,"PAL0910",94,"Gentoo penguin (Pygoscelis papua)","Anvers","Biscoe","Adult, 1 Egg Stage","N18A2","Yes","2009-12-01",49.5,16.1,224,5650,"MALE"
"246",247,247,247,"PAL0910",95,"Gentoo penguin (Pygoscelis papua)","Anvers","Biscoe","Adult, 1 Egg Stage","N19A1","Yes","2009-11-27",44.5,14.7,214,4850,"FEMALE"
"247",248,248,248,"PAL0910",96,"Gentoo penguin (Pygoscelis papua)","Anvers","Biscoe","Adult, 1 Egg Stage","N19A2","Yes","2009-11-27",50.8,15.7,226,5200,"MALE"
"248",249,249,249,"PAL0910",97,"Gentoo penguin (Pygoscelis papua)","Anvers","Biscoe","Adult, 1 Egg Stage","N20A1","Yes","2009-11-18",49.4,15.8,216,4925,"MALE"
"249",250,250,250,"PAL0910",98,"Gentoo penguin (Pygoscelis papua)","Anvers","Biscoe","Adult, 1 Egg Stage","N20A2","Yes","2009-11-18",46.9,14.6,222,4875,"FEMALE"
"250",251,251,251,"PAL0910",99,"Gentoo penguin (Pygoscelis papua)","Anvers","Biscoe","Adult, 1 Egg Stage","N21A1","Yes","2009-11-18",48.4,14.4,203,4625,"FEMALE"
"251",252,252,252,"PAL0910",100,"Gentoo penguin (Pygoscelis papua)","Anvers","Biscoe","Adult, 1 Egg Stage","N21A2","Yes","2009-11-18",51.1,16.5,225,5250,"MALE"
"252",253,253,253,"PAL0910",101,"Gentoo penguin (Pygoscelis papua)","Anvers","Biscoe","Adult, 1 Egg Stage","N22A1","Yes","2009-11-22",48.5,15,219,4850,"FEMALE"
"253",254,254,254,"PAL0910",102,"Gentoo penguin (Pygoscelis papua)","Anvers","Biscoe","Adult, 1 Egg Stage","N22A2","Yes","2009-11-22",55.9,17,228,5600,"MALE"
"254",255,255,255,"PAL0910",103,"Gentoo penguin (Pygoscelis papua)","Anvers","Biscoe","Adult, 1 Egg Stage","N23A1","Yes","2009-11-18",47.2,15.5,215,4975,"FEMALE"
"255",256,256,256,"PAL0910",104,"Gentoo penguin (Pygoscelis papua)","Anvers","Biscoe","Adult, 1 Egg Stage","N23A2","Yes","2009-11-18",49.1,15,228,5500,"MALE"
"256",257,257,257,"PAL0910",105,"Gentoo penguin (Pygoscelis papua)","Anvers","Biscoe","Adult, 1 Egg Stage","N24A1","Yes","2009-12-01",47.3,13.8,216,4725,NA
"257",258,258,258,"PAL0910",106,"Gentoo penguin (Pygoscelis papua)","Anvers","Biscoe","Adult, 1 Egg Stage","N24A2","Yes","2009-12-01",46.8,16.1,215,5500,"MALE"
"258",259,259,259,"PAL0910",107,"Gentoo penguin (Pygoscelis papua)","Anvers","Biscoe","Adult, 1 Egg Stage","N28A1","Yes","2009-11-10",41.7,14.7,210,4700,"FEMALE"
"259",260,260,260,"PAL0910",108,"Gentoo penguin (Pygoscelis papua)","Anvers","Biscoe","Adult, 1 Egg Stage","N28A2","Yes","2009-11-10",53.4,15.8,219,5500,"MALE"
"260",261,261,261,"PAL0910",109,"Gentoo penguin (Pygoscelis papua)","Anvers","Biscoe","Adult, 1 Egg Stage","N29A1","Yes","2009-11-09",43.3,14,208,4575,"FEMALE"
"261",262,262,262,"PAL0910",110,"Gentoo penguin (Pygoscelis papua)","Anvers","Biscoe","Adult, 1 Egg Stage","N29A2","Yes","2009-11-09",48.1,15.1,209,5500,"MALE"
"262",263,263,263,"PAL0910",111,"Gentoo penguin (Pygoscelis papua)","Anvers","Biscoe","Adult, 1 Egg Stage","N32A1","Yes","2009-11-20",50.5,15.2,216,5000,"FEMALE"
"263",264,264,264,"PAL0910",112,"Gentoo penguin (Pygoscelis papua)","Anvers","Biscoe","Adult, 1 Egg Stage","N32A2","Yes","2009-11-20",49.8,15.9,229,5950,"MALE"
"264",265,265,265,"PAL0910",113,"Gentoo penguin (Pygoscelis papua)","Anvers","Biscoe","Adult, 1 Egg Stage","N34A1","Yes","2009-11-27",43.5,15.2,213,4650,"FEMALE"
"265",266,266,266,"PAL0910",114,"Gentoo penguin (Pygoscelis papua)","Anvers","Biscoe","Adult, 1 Egg Stage","N34A2","Yes","2009-11-27",51.5,16.3,230,5500,"MALE"
"266",267,267,267,"PAL0910",115,"Gentoo penguin (Pygoscelis papua)","Anvers","Biscoe","Adult, 1 Egg Stage","N35A1","Yes","2009-11-25",46.2,14.1,217,4375,"FEMALE"
"267",268,268,268,"PAL0910",116,"Gentoo penguin (Pygoscelis papua)","Anvers","Biscoe","Adult, 1 Egg Stage","N35A2","Yes","2009-11-25",55.1,16,230,5850,"MALE"
"268",269,269,269,"PAL0910",117,"Gentoo penguin (Pygoscelis papua)","Anvers","Biscoe","Adult, 1 Egg Stage","N36A1","Yes","2009-12-01",44.5,15.7,217,4875,NA
"269",270,270,270,"PAL0910",118,"Gentoo penguin (Pygoscelis papua)","Anvers","Biscoe","Adult, 1 Egg Stage","N36A2","Yes","2009-12-01",48.8,16.2,222,6000,"MALE"
"270",271,271,271,"PAL0910",119,"Gentoo penguin (Pygoscelis papua)","Anvers","Biscoe","Adult, 1 Egg Stage","N38A1","No","2009-12-01",47.2,13.7,214,4925,"FEMALE"
"271",273,273,273,"PAL0910",121,"Gentoo penguin (Pygoscelis papua)","Anvers","Biscoe","Adult, 1 Egg Stage","N39A1","Yes","2009-11-22",46.8,14.3,215,4850,"FEMALE"
"272",274,274,274,"PAL0910",122,"Gentoo penguin (Pygoscelis papua)","Anvers","Biscoe","Adult, 1 Egg Stage","N39A2","Yes","2009-11-22",50.4,15.7,222,5750,"MALE"
"273",275,275,275,"PAL0910",123,"Gentoo penguin (Pygoscelis papua)","Anvers","Biscoe","Adult, 1 Egg Stage","N43A1","Yes","2009-11-22",45.2,14.8,212,5200,"FEMALE"
"274",276,276,276,"PAL0910",124,"Gentoo penguin (Pygoscelis papua)","Anvers","Biscoe","Adult, 1 Egg Stage","N43A2","Yes","2009-11-22",49.9,16.1,213,5400,"MALE"
"275",277,277,277,"PAL0708",1,"Chinstrap penguin (Pygoscelis antarctica)","Anvers","Dream","Adult, 1 Egg Stage","N61A1","No","2007-11-19",46.5,17.9,192,3500,"FEMALE"
"276",278,278,278,"PAL0708",2,"Chinstrap penguin (Pygoscelis antarctica)","Anvers","Dream","Adult, 1 Egg Stage","N61A2","No","2007-11-19",50,19.5,196,3900,"MALE"
"277",279,279,279,"PAL0708",3,"Chinstrap penguin (Pygoscelis antarctica)","Anvers","Dream","Adult, 1 Egg Stage","N62A1","Yes","2007-11-26",51.3,19.2,193,3650,"MALE"
"278",280,280,280,"PAL0708",4,"Chinstrap penguin (Pygoscelis antarctica)","Anvers","Dream","Adult, 1 Egg Stage","N62A2","Yes","2007-11-26",45.4,18.7,188,3525,"FEMALE"
"279",281,281,281,"PAL0708",5,"Chinstrap penguin (Pygoscelis antarctica)","Anvers","Dream","Adult, 1 Egg Stage","N64A1","Yes","2007-11-21",52.7,19.8,197,3725,"MALE"
"280",282,282,282,"PAL0708",6,"Chinstrap penguin (Pygoscelis antarctica)","Anvers","Dream","Adult, 1 Egg Stage","N64A2","Yes","2007-11-21",45.2,17.8,198,3950,"FEMALE"
"281",283,283,283,"PAL0708",7,"Chinstrap penguin (Pygoscelis antarctica)","Anvers","Dream","Adult, 1 Egg Stage","N66A1","Yes","2007-11-28",46.1,18.2,178,3250,"FEMALE"
"282",284,284,284,"PAL0708",8,"Chinstrap penguin (Pygoscelis antarctica)","Anvers","Dream","Adult, 1 Egg Stage","N66A2","Yes","2007-11-28",51.3,18.2,197,3750,"MALE"
"283",285,285,285,"PAL0708",9,"Chinstrap penguin (Pygoscelis antarctica)","Anvers","Dream","Adult, 1 Egg Stage","N67A1","Yes","2007-11-21",46,18.9,195,4150,"FEMALE"
"284",286,286,286,"PAL0708",10,"Chinstrap penguin (Pygoscelis antarctica)","Anvers","Dream","Adult, 1 Egg Stage","N67A2","Yes","2007-11-21",51.3,19.9,198,3700,"MALE"
"285",287,287,287,"PAL0708",11,"Chinstrap penguin (Pygoscelis antarctica)","Anvers","Dream","Adult, 1 Egg Stage","N68A1","Yes","2007-11-28",46.6,17.8,193,3800,"FEMALE"
"286",288,288,288,"PAL0708",12,"Chinstrap penguin (Pygoscelis antarctica)","Anvers","Dream","Adult, 1 Egg Stage","N68A2","Yes","2007-11-28",51.7,20.3,194,3775,"MALE"
"287",289,289,289,"PAL0708",13,"Chinstrap penguin (Pygoscelis antarctica)","Anvers","Dream","Adult, 1 Egg Stage","N69A1","Yes","2007-11-26",47,17.3,185,3700,"FEMALE"
"288",290,290,290,"PAL0708",14,"Chinstrap penguin (Pygoscelis antarctica)","Anvers","Dream","Adult, 1 Egg Stage","N69A2","Yes","2007-11-26",52,18.1,201,4050,"MALE"
"289",291,291,291,"PAL0708",15,"Chinstrap penguin (Pygoscelis antarctica)","Anvers","Dream","Adult, 1 Egg Stage","N70A1","Yes","2007-11-22",45.9,17.1,190,3575,"FEMALE"
"290",292,292,292,"PAL0708",16,"Chinstrap penguin (Pygoscelis antarctica)","Anvers","Dream","Adult, 1 Egg Stage","N70A2","Yes","2007-11-22",50.5,19.6,201,4050,"MALE"
"291",293,293,293,"PAL0708",17,"Chinstrap penguin (Pygoscelis antarctica)","Anvers","Dream","Adult, 1 Egg Stage","N71A1","No","2007-11-30",50.3,20,197,3300,"MALE"
"292",294,294,294,"PAL0708",18,"Chinstrap penguin (Pygoscelis antarctica)","Anvers","Dream","Adult, 1 Egg Stage","N71A2","No","2007-11-30",58,17.8,181,3700,"FEMALE"
"293",295,295,295,"PAL0708",19,"Chinstrap penguin (Pygoscelis antarctica)","Anvers","Dream","Adult, 1 Egg Stage","N72A1","Yes","2007-11-30",46.4,18.6,190,3450,"FEMALE"
"294",296,296,296,"PAL0708",20,"Chinstrap penguin (Pygoscelis antarctica)","Anvers","Dream","Adult, 1 Egg Stage","N72A2","Yes","2007-11-30",49.2,18.2,195,4400,"MALE"
"295",297,297,297,"PAL0708",21,"Chinstrap penguin (Pygoscelis antarctica)","Anvers","Dream","Adult, 1 Egg Stage","N73A1","Yes","2007-12-03",42.4,17.3,181,3600,"FEMALE"
"296",298,298,298,"PAL0708",22,"Chinstrap penguin (Pygoscelis antarctica)","Anvers","Dream","Adult, 1 Egg Stage","N73A2","Yes","2007-12-03",48.5,17.5,191,3400,"MALE"
"297",299,299,299,"PAL0708",23,"Chinstrap penguin (Pygoscelis antarctica)","Anvers","Dream","Adult, 1 Egg Stage","N85A1","No","2007-11-28",43.2,16.6,187,2900,"FEMALE"
"298",300,300,300,"PAL0708",24,"Chinstrap penguin (Pygoscelis antarctica)","Anvers","Dream","Adult, 1 Egg Stage","N85A2","No","2007-11-28",50.6,19.4,193,3800,"MALE"
"299",301,301,301,"PAL0708",25,"Chinstrap penguin (Pygoscelis antarctica)","Anvers","Dream","Adult, 1 Egg Stage","N89A1","No","2007-11-28",46.7,17.9,195,3300,"FEMALE"
"300",302,302,302,"PAL0708",26,"Chinstrap penguin (Pygoscelis antarctica)","Anvers","Dream","Adult, 1 Egg Stage","N89A2","No","2007-11-28",52,19,197,4150,"MALE"
"301",303,303,303,"PAL0809",27,"Chinstrap penguin (Pygoscelis antarctica)","Anvers","Dream","Adult, 1 Egg Stage","N61A1","No","2008-11-25",50.5,18.4,200,3400,"FEMALE"
"302",304,304,304,"PAL0809",28,"Chinstrap penguin (Pygoscelis antarctica)","Anvers","Dream","Adult, 1 Egg Stage","N61A2","No","2008-11-25",49.5,19,200,3800,"MALE"
"303",305,305,305,"PAL0809",29,"Chinstrap penguin (Pygoscelis antarctica)","Anvers","Dream","Adult, 1 Egg Stage","N62A1","Yes","2008-11-14",46.4,17.8,191,3700,"FEMALE"
"304",306,306,306,"PAL0809",30,"Chinstrap penguin (Pygoscelis antarctica)","Anvers","Dream","Adult, 1 Egg Stage","N62A2","Yes","2008-11-14",52.8,20,205,4550,"MALE"
"305",307,307,307,"PAL0809",31,"Chinstrap penguin (Pygoscelis antarctica)","Anvers","Dream","Adult, 1 Egg Stage","N63A1","Yes","2008-11-24",40.9,16.6,187,3200,"FEMALE"
"306",308,308,308,"PAL0809",32,"Chinstrap penguin (Pygoscelis antarctica)","Anvers","Dream","Adult, 1 Egg Stage","N63A2","Yes","2008-11-24",54.2,20.8,201,4300,"MALE"
"307",309,309,309,"PAL0809",33,"Chinstrap penguin (Pygoscelis antarctica)","Anvers","Dream","Adult, 1 Egg Stage","N65A1","Yes","2008-11-24",42.5,16.7,187,3350,"FEMALE"
"308",310,310,310,"PAL0809",34,"Chinstrap penguin (Pygoscelis antarctica)","Anvers","Dream","Adult, 1 Egg Stage","N65A2","Yes","2008-11-24",51,18.8,203,4100,"MALE"
"309",311,311,311,"PAL0809",35,"Chinstrap penguin (Pygoscelis antarctica)","Anvers","Dream","Adult, 1 Egg Stage","N67A1","Yes","2008-11-25",49.7,18.6,195,3600,"MALE"
"310",312,312,312,"PAL0809",36,"Chinstrap penguin (Pygoscelis antarctica)","Anvers","Dream","Adult, 1 Egg Stage","N67A2","Yes","2008-11-25",47.5,16.8,199,3900,"FEMALE"
"311",313,313,313,"PAL0809",37,"Chinstrap penguin (Pygoscelis antarctica)","Anvers","Dream","Adult, 1 Egg Stage","N69A1","Yes","2008-11-14",47.6,18.3,195,3850,"FEMALE"
"312",314,314,314,"PAL0809",38,"Chinstrap penguin (Pygoscelis antarctica)","Anvers","Dream","Adult, 1 Egg Stage","N69A2","Yes","2008-11-14",52,20.7,210,4800,"MALE"
"313",315,315,315,"PAL0809",39,"Chinstrap penguin (Pygoscelis antarctica)","Anvers","Dream","Adult, 1 Egg Stage","N72A1","No","2008-11-24",46.9,16.6,192,2700,"FEMALE"
"314",316,316,316,"PAL0809",40,"Chinstrap penguin (Pygoscelis antarctica)","Anvers","Dream","Adult, 1 Egg Stage","N72A2","No","2008-11-24",53.5,19.9,205,4500,"MALE"
"315",317,317,317,"PAL0809",41,"Chinstrap penguin (Pygoscelis antarctica)","Anvers","Dream","Adult, 1 Egg Stage","N74A1","Yes","2008-11-24",49,19.5,210,3950,"MALE"
"316",318,318,318,"PAL0809",42,"Chinstrap penguin (Pygoscelis antarctica)","Anvers","Dream","Adult, 1 Egg Stage","N74A2","Yes","2008-11-24",46.2,17.5,187,3650,"FEMALE"
"317",319,319,319,"PAL0809",43,"Chinstrap penguin (Pygoscelis antarctica)","Anvers","Dream","Adult, 1 Egg Stage","N75A1","Yes","2008-11-14",50.9,19.1,196,3550,"MALE"
"318",320,320,320,"PAL0809",44,"Chinstrap penguin (Pygoscelis antarctica)","Anvers","Dream","Adult, 1 Egg Stage","N75A2","Yes","2008-11-14",45.5,17,196,3500,"FEMALE"
"319",321,321,321,"PAL0910",45,"Chinstrap penguin (Pygoscelis antarctica)","Anvers","Dream","Adult, 1 Egg Stage","N86A1","Yes","2009-11-17",50.9,17.9,196,3675,"FEMALE"
"320",322,322,322,"PAL0910",46,"Chinstrap penguin (Pygoscelis antarctica)","Anvers","Dream","Adult, 1 Egg Stage","N86A2","Yes","2009-11-17",50.8,18.5,201,4450,"MALE"
"321",323,323,323,"PAL0910",47,"Chinstrap penguin (Pygoscelis antarctica)","Anvers","Dream","Adult, 1 Egg Stage","N87A1","Yes","2009-11-27",50.1,17.9,190,3400,"FEMALE"
"322",324,324,324,"PAL0910",48,"Chinstrap penguin (Pygoscelis antarctica)","Anvers","Dream","Adult, 1 Egg Stage","N87A2","Yes","2009-11-27",49,19.6,212,4300,"MALE"
"323",325,325,325,"PAL0910",49,"Chinstrap penguin (Pygoscelis antarctica)","Anvers","Dream","Adult, 1 Egg Stage","N88A1","Yes","2009-11-23",51.5,18.7,187,3250,"MALE"
"324",326,326,326,"PAL0910",50,"Chinstrap penguin (Pygoscelis antarctica)","Anvers","Dream","Adult, 1 Egg Stage","N88A2","Yes","2009-11-23",49.8,17.3,198,3675,"FEMALE"
"325",327,327,327,"PAL0910",51,"Chinstrap penguin (Pygoscelis antarctica)","Anvers","Dream","Adult, 1 Egg Stage","N90A1","Yes","2009-11-21",48.1,16.4,199,3325,"FEMALE"
"326",328,328,328,"PAL0910",52,"Chinstrap penguin (Pygoscelis antarctica)","Anvers","Dream","Adult, 1 Egg Stage","N90A2","Yes","2009-11-21",51.4,19,201,3950,"MALE"
"327",329,329,329,"PAL0910",53,"Chinstrap penguin (Pygoscelis antarctica)","Anvers","Dream","Adult, 1 Egg Stage","N92A1","Yes","2009-11-23",45.7,17.3,193,3600,"FEMALE"
"328",330,330,330,"PAL0910",54,"Chinstrap penguin (Pygoscelis antarctica)","Anvers","Dream","Adult, 1 Egg Stage","N92A2","Yes","2009-11-23",50.7,19.7,203,4050,"MALE"
"329",331,331,331,"PAL0910",55,"Chinstrap penguin (Pygoscelis antarctica)","Anvers","Dream","Adult, 1 Egg Stage","N93A1","Yes","2009-11-27",42.5,17.3,187,3350,"FEMALE"
"330",332,332,332,"PAL0910",56,"Chinstrap penguin (Pygoscelis antarctica)","Anvers","Dream","Adult, 1 Egg Stage","N93A2","Yes","2009-11-27",52.2,18.8,197,3450,"MALE"
"331",333,333,333,"PAL0910",57,"Chinstrap penguin (Pygoscelis antarctica)","Anvers","Dream","Adult, 1 Egg Stage","N94A1","Yes","2009-11-21",45.2,16.6,191,3250,"FEMALE"
"332",334,334,334,"PAL0910",58,"Chinstrap penguin (Pygoscelis antarctica)","Anvers","Dream","Adult, 1 Egg Stage","N94A2","Yes","2009-11-21",49.3,19.9,203,4050,"MALE"
"333",335,335,335,"PAL0910",59,"Chinstrap penguin (Pygoscelis antarctica)","Anvers","Dream","Adult, 1 Egg Stage","N95A1","Yes","2009-11-21",50.2,18.8,202,3800,"MALE"
"334",336,336,336,"PAL0910",60,"Chinstrap penguin (Pygoscelis antarctica)","Anvers","Dream","Adult, 1 Egg Stage","N95A2","Yes","2009-11-21",45.6,19.4,194,3525,"FEMALE"
"335",337,337,337,"PAL0910",61,"Chinstrap penguin (Pygoscelis antarctica)","Anvers","Dream","Adult, 1 Egg Stage","N96A1","Yes","2009-11-27",51.9,19.5,206,3950,"MALE"
"336",338,338,338,"PAL0910",62,"Chinstrap penguin (Pygoscelis antarctica)","Anvers","Dream","Adult, 1 Egg Stage","N96A2","Yes","2009-11-27",46.8,16.5,189,3650,"FEMALE"
"337",339,339,339,"PAL0910",63,"Chinstrap penguin (Pygoscelis antarctica)","Anvers","Dream","Adult, 1 Egg Stage","N98A1","Yes","2009-11-19",45.7,17,195,3650,"FEMALE"
"338",340,340,340,"PAL0910",64,"Chinstrap penguin (Pygoscelis antarctica)","Anvers","Dream","Adult, 1 Egg Stage","N98A2","Yes","2009-11-19",55.8,19.8,207,4000,"MALE"
"339",341,341,341,"PAL0910",65,"Chinstrap penguin (Pygoscelis antarctica)","Anvers","Dream","Adult, 1 Egg Stage","N99A1","No","2009-11-21",43.5,18.1,202,3400,"FEMALE"
"340",342,342,342,"PAL0910",66,"Chinstrap penguin (Pygoscelis antarctica)","Anvers","Dream","Adult, 1 Egg Stage","N99A2","No","2009-11-21",49.6,18.2,193,3775,"MALE"
"341",343,343,343,"PAL0910",67,"Chinstrap penguin (Pygoscelis antarctica)","Anvers","Dream","Adult, 1 Egg Stage","N100A1","Yes","2009-11-21",50.8,19,210,4100,"MALE"
"342",344,344,344,"PAL0910",68,"Chinstrap penguin (Pygoscelis antarctica)","Anvers","Dream","Adult, 1 Egg Stage","N100A2","Yes","2009-11-21",50.2,18.7,198,3775,"FEMALE"
